{
    "contractAddress": "0x8552a4F4f401357C7C426cc03A26E808532035c3",
    "nProcess": 2,
    "nUsersPerProcess": 5,
    "sendLocationPeriodInMiliseconds": 1000,
    "minInitialLat": -23.603244,
    "minInitialLong": -46.679381,
    "maxInitialLat": -23.504324,
    "maxInitialLong": -46.561788,
    "maxCoordinateDeltaBetweenCalls": 0.0005
}
